Level,Variant,t,u,v,w
1%,no_constant,-2.56574,-2.2358,-3.627,0
5%,no_constant,-1.941,-0.2686,-3.365,31.223
10%,no_constant,-1.61682,0.2656,-2.714,25.364
1%,no_trend,-3.43035,-6.5393,-16.786,-79.433
5%,no_trend,-2.86154,-2.8903,-4.234,-40.04
10%,no_trend,-2.56677,-1.5384,-2.809,0
1%,with_trend,-3.95877,-9.0531,-28.428,-134.155
5%,with_trend,-3.41049,-4.3904,-9.036,-45.374
10%,with_trend,-3.12705,-2.5856,-3.925,-22.38